股票代码,股票简称,最新价,最新涨跌幅,涨停[20250214],首次涨停时间[20250214],最终涨停时间[20250214],涨停明细数据[20250214],连续涨停天数[20250214],涨停原因类别[20250214],涨停封单量[20250214],涨停封单额[20250214],涨停封单量占成交量比[20250214],涨停封单量占流通a股比[20250214],涨停开板次数[20250214],a股市值(不含限售股)[20250213],几天几板[20250214],涨停类型[20250214],market_code,code
600165.SH,*ST宁科,3.83,4.931506849,涨停, 09:25:02, 09:25:02,"[{""code"":""600165.SH"",""time"":1739496302000,""openTime"":null,""duration"":0,""updatedTime"":1739496521000,""firstVol"":2464400.0,""highestVol"":2464400.0,""firstVolDivLTGB"":0.0035982747583704986,""firstVolDivVol"":0.780639,""highestVolDivLTGB"":0.0035982747583704986,""highestVolDivVol"":0.780639}]",4,,2464400,9438652,78.06392346922614,0.3598274758370499,0,2499825778.75,6天5板,一字涨停||缩量涨停,22,600165
603825.SH,华扬联众,16.58,10.0199071,涨停, 09:25:02, 09:25:02,"[{""code"":""603825.SH"",""time"":1739496302000,""openTime"":null,""duration"":0,""updatedTime"":1739496502000,""firstVol"":4.896381E7,""highestVol"":4.896381E7,""firstVolDivLTGB"":0.1932757417492601,""firstVolDivVol"":62.303643,""highestVolDivLTGB"":0.1932757417492601,""highestVolDivVol"":62.303643}]",2,,48963810,811819969.8,6230.364300347376,19.32757417492601,0,3817781838.64,2天2板,一字涨停||缩量涨停,17,603825
603956.SH,威派格,8.47,10,涨停, 09:25:03, 09:25:03,"[{""code"":""603956.SH"",""time"":1739496303000,""openTime"":null,""duration"":0,""updatedTime"":1739496510000,""firstVol"":1.12293E7,""highestVol"":1.12293E7,""firstVolDivLTGB"":0.0224148987478265,""firstVolDivVol"":2.349423,""highestVolDivLTGB"":0.0224148987478265,""highestVolDivVol"":2.349423}]",4,,11229300,95112171,234.9422545819734,2.24148987478265,0,3857506160.2,4天4板,T字涨停||缩量涨停,17,603956
